"Unidade";"UF";"Edital";"Processo SEI";"Ciclo";"Vagas Previstas";"Contratados";"Vagas Ociosas";"Inscritos";"Status";"Etapa";"Risco";"Data de Início";"Data de Encerramento";"Responsável";"Observações";"Link do Edital"
"DSEI Kaiapó de Mato Grosso";"MT";"76/2026";"";"";"28";"0";"28";"0";"Andamento";"Impugnação do Edital";"Baixo";"2026-06-19";"2026-09-04";"";"";"https://agenciasus.org.br/shared-files/33168/?1.-Edital_de_Processo_Seletivo_Simplificado_76-1.pdf"
"DSEI Yanomami";"RR";"11/2025";"AGSUS.001574/2025-61";"1º CICLO";"491";"229";"262";"8202";"Concluído";"Resultado final do Processo Seletivo";"Baixo";"2025-06-09";"2025-09-15";"";"";"https://agenciasus.org.br/wp-content/uploads/2025/06/SEI_0021027_Edital_de_Processo_Seletivo_Simplificado_11-Yanomami.pdf"
"DSEI Yanomami";"RR";"71/2026";"AGSUS.000859/2026-66";"5º";"227";"0";"227";"0";"Andamento";"Impugnação do Edital";"Baixo";"2026-06-17";"2026-09-11";"Núcleo";"Diversos cargos";"https://agenciasus.org.br/shared-files/32968/?Edital-de-Processo-Seletivo-Simplificado-37-.pdf"
"DSEI Interior Sul";"SC";"28/2026";"";"4º";"84";"0";"84";"11036";"Andamento";"Abertura do Prazo de Recurso";"Baixo";"2026-04-30";"2026-08-04";"Núcleo";"";"https://agenciasus.org.br/shared-files/29454/?EDITAL-No-28.2026-Edital-Retificado-Consolidado.pdf"
"DSEI Médio Rio Solimões e Afluentes";"AM";"04/2025";"AGSUS.001154/2025-85";"1º CICLO";"59";"1";"58";"722";"Concluído";"Resultado final do Processo Seletivo";"Baixo";"2025-02-20";"2025-06-16";"";"";"https://agenciasus.org.br/wp-content/uploads/2025/02/Edital_n_04-2025-DSEI_Medio_Rio_Solimoes.pdf"
"DSEI Guamá-Tocantins";"PA";"72/2026";"AGSUS.006003/2026-02";"5º";"40";"0";"40";"0";"Andamento";"Impugnação do Edital";"Baixo";"2026-06-17";"2026-09-16";"Núcleo";"Diversos cargos";"https://agenciasus.org.br/shared-files/32986/?Edital-DSEI-Guatoc-72_2026.pdf"
"DSEI Litoral Sul";"PR";"80/2025";"AGSUS.008086/2025-85";"3º CICLO";"69";"35";"34";"5179";"Concluído";"Resultado final do Processo Seletivo";"Baixo";"2025-10-27";"2025-12-08";"";"";"https://agenciasus.org.br/shared-files/19283/?SEI_0142269_Edital_Processo_Seletivo_Simplificado_DSEI_Litoral_Sul.pdf"
"DSEI Altamira";"PA";"78/2025";"AGSUS.008084/2025-96";"3º CICLO";"38";"8";"30";"580";"Concluído";"Resultado final do Processo Seletivo";"Baixo";"2025-10-27";"2025-12-08";"Rosangela";"";"https://agenciasus.org.br/shared-files/19276/?SEI_0142497_Edital_Processo_Seletivo_Simplificado_DSEI_Altamira.pdf"
"DSEI Mato Grosso do Sul";"MS";"12/2025";"AGSUS.001580/2025-19";"1º CICLO";"44";"21";"23";"1373";"Concluído";"Resultado final do Processo Seletivo";"Baixo";"2025-06-09";"2025-09-15";"";"";"https://agenciasus.org.br/wp-content/uploads/2025/06/SEI_0021109_Edital_de_Processo_Seletivo_Simplificado_12-Mato-Grosso-do-Sul.pdf"
"DSEI Minas Gerais e Espírito Santo";"MG";"13/2025";"AGSUS.001581/2025-63";"1º CICLO";"35";"19";"16";"1594";"Concluído";"Resultado final do Processo Seletivo";"Baixo";"2025-06-09";"2026-02-02";"";"";"https://agenciasus.org.br/wp-content/uploads/2025/06/SEI_0021128_Edital_de_Processo_Seletivo_Simplificado_13-Minas-Gerais-e-Espirito-Santo.pdf"
"DSEI Kaiapó de Mato Grosso";"MT";"14/2025";"AGSUS.001582/2025-16";"1º CICLO";"30";"17";"13";"542";"Concluído";"Resultado final do Processo Seletivo";"Baixo";"2025-06-09";"2025-08-20";"";"";"https://agenciasus.org.br/wp-content/uploads/2025/06/SEI_0021145_Edital_de_Processo_Seletivo_Simplificado_14-Kaiapo-do-Mato-Grosso.pdf"
"CASAI São Paulo";"SP";"53/2025";"25000.150114/2025-97";"2º CICLO";"21";"9";"12";"1663";"Concluído";"Resultado final do Processo Seletivo";"Baixo";"2025-10-03";"2025-11-17";"Alane";"";"https://agenciasus.org.br/shared-files/18194/?Edital-no-532025-1-CASAI-NACIONAL-SAO-PAULO.pdf"
"DSEI Kaiapó de Mato Grosso";"MT";"66/2025";"AGSUS.001582/2025-16";"1º CICLO";"17";"5";"12";"169";"Concluído";"Resultado final do Processo Seletivo";"Baixo";"2025-10-03";"2025-11-17";"Wenddel";"";"https://agenciasus.org.br/shared-files/18171/?Edital-no-66-Processo-Seletivo-Simplificado-DSEI-Kaiapo-do-Mato-Grosso.pdf"
"CASAI São Paulo";"SP";"38/2026";"AGSUS.011334/2025-75";"5º";"11";"0";"11";"0";"Andamento";"Impugnação do Edital";"Baixo";"2026-06-16";"";"Núcleo";"Diversos cargos";"https://agenciasus.org.br/shared-files/32765/?Edital-do-Processo-Seletivo-Simplificado-CASAI-SP-no-382026.pdf"
"DSEI Pernambuco";"PE";"23/2026";"AGSUS.007395/2025-38";"4º";"11";"0";"11";"1700";"Concluído";"Resultado final do Processo Seletivo";"Baixo";"2026-03-30";"2026-06-15";"Núcleo";"";"https://agenciasus.org.br/shared-files/27141/?EDITAL-No-23-2026-%E2%80%93-Edital-Retificado-Consolidado.pdf"
"DSEI Minas Gerais e Espírito Santo";"MG";"64/2025";"AGSUS.006169/2025-30";"1º CICLO";"20";"11";"9";"622";"Concluído";"Resultado final do Processo Seletivo";"Baixo";"2025-10-03";"2025-12-03";"Rosangela";"";"https://agenciasus.org.br/shared-files/18163/?Edital-no-64-Processo-Seletivo-Simplificado-DSEI-Minas-Gerais-e-Espirito-Santos.pdf"
"DSEI Potiguara";"PB";"36/2026";"AGSUS.000534/2026-83";"4º";"9";"0";"9";"0";"Andamento";"Impugnação do Edital";"Baixo";"2026-06-12";"2026-09-03";"Núcleo";"Varias vagas";"https://agenciasus.org.br/shared-files/32527/?Edital-do-Processo-Seletivo-Simplificado-no-362026.pdf"
"DSEI Rio Tapajós";"PA";"71/2025";"AGSUS.007238/2025-22";"3º CICLO";"15";"6";"9";"446";"Concluído";"Resultado final do Processo Seletivo";"Baixo";"2025-10-10";"2025-11-21";"Suzana";"";"https://agenciasus.org.br/shared-files/18587/?EDITAL-PROCESSO-SELETIVO-SIMPLIFICADO-DSEI-RIO-TAPAJOS.pdf"
"DSEI Alto Rio Juruá";"AC";"79/2025";"AGSUS.008085/2025-31";"3º CICLO";"21";"13";"8";"736";"Concluído";"Resultado final do Processo Seletivo";"Baixo";"2025-10-27";"2026-01-12";"Rosangela";"";"https://agenciasus.org.br/shared-files/19270/?SEI_0142425_Edital_Processo_Seletivo_Simplificado_DSEI_Alto_Rio.pdf"
"DSEI Guamá-Tocantins";"PA";"88/2025";"AGSUS.008220/2025-48";"3º CICLO";"58";"52";"6";"2572";"Concluído";"Resultado final do Processo Seletivo";"Baixo";"2025-10-30";"2026-01-05";"Wenddel";"";"https://agenciasus.org.br/shared-files/19539/?Edital-do-Processo-Seletivo-Simplificado-no-88-2025-%E2%80%93-DSEI-Guama-Tocantins.pdf"
"DSEI Araguaia";"MT";"90/2025";"AGSUS.008203/2025-19";"3º CICLO";"8";"5";"3";"333";"Concluído";"Resultado final do Processo Seletivo";"Baixo";"2025-10-22";"2026-01-05";"Suzana";"";"https://agenciasus.org.br/shared-files/19148/?Edital-DSEI-ARAGUAIA.pdf"
"DSEI Alagoas e Sergipe";"AL";"34/2026";"AGSUS.014221/2026-11";"5º";"2";"0";"2";"0";"Andamento";"Impugnação do Edital";"Baixo";"2026-06-16";"2026-07-29";"Núcleo";"Cargo de Sanitarista";"https://agenciasus.org.br/shared-files/32799/?Edital-do-Processo-Seletivo-Simplificado-Sanitarista-no-342026.pdf"
"DSEI Altamira";"PA";"39/2026";"AGSUS.015340/2026-82";"5º";"2";"0";"2";"0";"Andamento";"Impugnação do Edital";"Baixo";"2026-06-16";"2026-07-29";"";"Cargo de Sanitarista";"https://agenciasus.org.br/shared-files/32763/?SEI_0522379_Edital_de_Processo_Seletivo_Simplificado_39.pdf"
"DSEI Alto Rio Juruá";"AC";"40/2026";"AGSUS.015344/2026-61";"5º";"2";"0";"2";"0";"Andamento";"Impugnação do Edital";"Baixo";"2026-06-16";"2026-07-29";"";"Cargo de Sanitarista";"https://agenciasus.org.br/shared-files/32866/?SEI_0522454_Edital_de_Processo_Seletivo_Simplificado_40.pdf"
"DSEI Alto Rio Negro";"AM";"41/2026";"AGSUS.015347/2026-02";"4º";"2";"0";"2";"0";"Andamento";"Impugnação do Edital";"Baixo";"2026-06-16";"2026-07-29";"Núcleo";"Cargo de Sanitarista";"https://agenciasus.org.br/shared-files/32821/?EDITAL-ARN.pdf"
"DSEI Alto Rio Purus";"AC";"42/2026";"AGSUS.015349/2026-93";"5º";"2";"0";"2";"0";"Andamento";"Impugnação do Edital";"Baixo";"2026-06-16";"2026-07-29";"Núcleo";"Cargo de Sanitarista";"https://agenciasus.org.br/shared-files/32770/?Edital-do-Processo-Seletivo-Simplificado-Sanitarista-no-422026.pdf"
"DSEI Alto Rio Solimões";"AM";"43/2026";"AGSUS.015351/2026-62";"5º";"2";"0";"2";"0";"Andamento";"Impugnação do Edital";"Baixo";"2026-06-16";"2026-07-29";"Núcleo";"Cargo de Sanitarista";"https://agenciasus.org.br/shared-files/32761/?Edital-do-Processo-Seletivo-Simplificado-Sanitarista-no-432026.pdf"
"DSEI Amapá e Norte do Pará";"AP";"44/2026";"AGSUS.015353/2026-51";"5º";"2";"0";"2";"0";"Andamento";"Impugnação do Edital";"Baixo";"2026-02-16";"2026-07-29";"";"Cargo de Sanitarista";"https://agenciasus.org.br/shared-files/32859/?SEI_0522522_Edital_de_Processo_Seletivo_Simplificado_44-1.pdf"
"DSEI Amapá e Norte do Pará";"AP";"84/2025";"AGSUS.008096/2025-11";"3º CICLO";"21";"19";"2";"631";"Concluído";"Resultado final do Processo Seletivo";"Baixo";"2025-10-22";"2026-01-05";"Fabiana";"";"https://agenciasus.org.br/shared-files/19140/?Edital-DSEI-AMAPA-E-NORTE-DO-PARA.pdf"
"DSEI Araguaia";"MT";"45/2026";"AGSUS.015354/2026-04";"5º";"2";"0";"2";"0";"Andamento";"Impugnação do Edital";"Baixo";"2026-06-16";"2027-07-29";"";"Cargo de Sanitarista";"https://agenciasus.org.br/shared-files/32856/?SEI_0522540_Edital_de_Processo_Seletivo_Simplificado_45.pdf"
"DSEI Bahia";"BA";"46/2026";"AGSUS.015357/2026-30";"5º";"2";"0";"2";"0";"Andamento";"Impugnação do Edital";"Baixo";"2026-06-16";"2026-07-29";"Núcleo";"Cargo de Sanitarista";"https://agenciasus.org.br/shared-files/32930/?Edital-de-Processo-Seletivo-Simplificado-no-46.2026.pdf"
"DSEI Cuiabá";"MT";"48/2026";"AGSUS.015359/2026-29";"5º";"2";"0";"2";"0";"Andamento";"Impugnação do Edital";"Baixo";"2026-06-16";"2026-07-29";"Núcleo";"Cargo de Sanitarista";"https://agenciasus.org.br/shared-files/32782/?SEI_0522567_Edital_de_Processo_Seletivo_Simplificado_48.pdf"
"DSEI Interior Sul";"SC";"50/2026";"";"5º";"2";"0";"2";"0";"Andamento";"Impugnação do Edital";"Baixo";"2026-06-16";"2026-07-29";"Núcleo";"Cargo de Sanitarista";"https://agenciasus.org.br/shared-files/32827/?SEI_0522639_Edital_de_Processo_Seletivo_Simplificado_50.pdf"
"DSEI Kaiapó de Mato Grosso";"MT";"51/2026";"AGSUS.015363/2026-97";"5º";"2";"0";"2";"0";"Andamento";"Impugnação do Edital";"Baixo";"2026-06-16";"2026-07-29";"Núcleo";"Cargo de Sanitarista";"https://agenciasus.org.br/shared-files/32838/?SEI_0522653_Edital_de_Processo_Seletivo_Simplificado_51.pdf"
"DSEI Kaiapó do Pará";"PA";"52/2026";"AGSUS.015364/2026-31";"5º";"2";"0";"2";"0";"Andamento";"Impugnação do Edital";"Baixo";"2026-06-16";"2026-07-29";"Núcleo";"Cargo de Sanitarista";"https://agenciasus.org.br/shared-files/32825/?SEI_0522664_Edital_de_Processo_Seletivo_Simplificado_52.pdf"
"DSEI Leste de Roraima";"RR";"53/2026";"AGSUS.015366/2026-21";"5º";"2";"0";"2";"0";"Andamento";"Impugnação do Edital";"Baixo";"2026-06-16";"";"Núcleo";"Cargo de Sanitarista";"https://agenciasus.org.br/shared-files/32879/?Edital-do-Processo-Seletivo-Simplificado-Sanitarista-no-532026.pdf"
"DSEI Manaus";"AM";"55/2026";"AGSUS.015369/2026-64";"5º";"2";"0";"2";"0";"Andamento";"Impugnação do Edital";"Baixo";"2026-06-16";"2026-07-29";"";"Cargo de Sanitarista";"https://agenciasus.org.br/shared-files/32835/?SEI_0522698_Edital_de_Processo_Seletivo_Simplificado_55.pdf"
"DSEI Maranhão";"MA";"56/2026";"AGSUS.015370/2026-99";"5º";"2";"0";"2";"0";"Andamento";"Impugnação do Edital";"Baixo";"2026-06-16";"2026-07-29";"Núcleo";"Cargo de Sanitarista";"https://agenciasus.org.br/shared-files/32869/?SEI_0522707_Edital_de_Processo_Seletivo_Simplificado_56.pdf"
"DSEI Médio Rio Purus";"AM";"58/2026";"";"";"2";"0";"2";"0";"Em Andamento";"Impugnação do Edital";"Baixo";"2026-06-16";"2026-07-29";"";"";"https://agenciasus.org.br/shared-files/32802/?Edital-do-Processo-Seletivo-Simplificado-Sanitarista-no-582026.pdf"
"DSEI Porto Velho";"RO";"63/2026";"AGSUS.015380/2026-24";"5º";"2";"0";"2";"0";"Andamento";"Impugnação do Edital";"Baixo";"2026-06-16";"2026-07-29";"Núcleo";"Cargo de Sanitarista";"https://agenciasus.org.br/shared-files/32818/?SEI_0522490_Edital_de_Processo_Seletivo_Simplificado_41.pdf"
"DSEI Rio Tapajós";"PA";"65/2025";"AGSUS.015384/2026-11";"5º";"2";"0";"2";"0";"Andamento";"Impugnação do Edital";"Baixo";"2026-06-16";"2026-07-29";"";"Cargo de Sanitarista";"https://agenciasus.org.br/shared-files/32815/?SEI_0522793_Edital_de_Processo_Seletivo_Simplificado_65-1.pdf"
"DSEI Tocantins";"TO";"66/2026";"AGSUS.015386/2026-00";"5º";"2";"0";"2";"0";"Andamento";"Impugnação do Edital";"Baixo";"2026-06-16";"2026-07-29";"";"Cargo de Sanitarista";"https://agenciasus.org.br/shared-files/32862/?SEI_0522802_Edital_de_Processo_Seletivo_Simplificado_66-1.pdf"
"DSEI Vilhena";"RO";"68/2026";"";"";"2";"0";"2";"0";"Em Andamento";"Impugnação do Edital";"Baixo";"2026-06-16";"2026-07-29";"";"";"https://agenciasus.org.br/shared-files/32790/?Edital-de-Processo-Seletivo-Simplificado-682026.pdf"
"DSEI Xavante";"MT";"69/2026";"AGSUS.015389/2026-35";"";"2";"0";"2";"0";"Andamento";"Impugnação do Edital";"Baixo";"2026-06-16";"2026-07-27";"";"Cargo de Sanitarista";"https://agenciasus.org.br/shared-files/32777/?Edital-de-Processo-Seletivo-Simplificado-692026.pdf"
"DSEI Xingu";"MT";"70/2026";"AGSUS.015390/2026-60";"5º";"2";"0";"2";"0";"Andamento";"Impugnação do Edital";"Baixo";"2026-06-16";"2026-07-29";"Núcleo";"Cargo de Sanitarista";"https://agenciasus.org.br/shared-files/32851/?SEI_0522549_Edital_de_Processo_Seletivo_Simplificado_46.pdf"
"DSEI Yanomami";"RR";"37/2026";"";"";"2";"0";"2";"0";"Em Andamento";"Impugnação do Edital";"Baixo";"2026-06-16";"2026-07-29";"";"";"https://agenciasus.org.br/shared-files/32968/?Edital-de-Processo-Seletivo-Simplificado-37-.pdf"
"DSEI Ceará";"CE";"47/2026";"AGSUS.015358/2026-84";"5º";"1";"0";"1";"0";"Andamento";"Impugnação do Edital";"Baixo";"2026-06-16";"2026-07-29";"";"Cargo de Sanitarista";"https://agenciasus.org.br/shared-files/32786/?SEI_0522560_Edital_de_Processo_Seletivo_Simplificado_47.pdf"
"DSEI Litoral Sul";"PR";"54/2026";"AGSUS.015367/2026-75";"5º";"1";"0";"1";"0";"Andamento";"Impugnação do Edital";"Baixo";"2026-06-16";"2026-07-29";"Núcleo";"Cargo de Sanitarista";"https://agenciasus.org.br/shared-files/32832/?SEI_0522686_Edital_de_Processo_Seletivo_Simplificado_54.pdf"
"DSEI Maranhão";"MA";"76/2025";"AGSUS.008082/2025-05";"3º CICLO";"18";"17";"1";"3938";"Concluído";"Resultado final do Processo Seletivo";"Baixo";"2025-10-22";"2026-02-02";"Fabiana";"";"https://agenciasus.org.br/shared-files/19123/?Edital-DSEI-MARANHAO.pdf"
"DSEI Mato Grosso do Sul";"MS";"57/2026";"AGSUS.015372/2026-88";"5º";"1";"0";"1";"0";"Andamento";"Impugnação do Edital";"Baixo";"2026-06-16";"2027-07-19";"Núcleo";"Cargo de Sanitarista";"https://agenciasus.org.br/shared-files/32806/?SEI_0522710_Edital_de_Processo_Seletivo_Simplificado_57.pdf"
"DSEI Minas Gerais e Espírito Santo";"MG";"60/2026";"AGSUS.015377/2026-19";"4º";"1";"0";"1";"0";"Andamento";"Impugnação do Edital";"Baixo";"2026-06-16";"2026-07-29";"Núcleo";"Cargo de Sanitarista";"https://agenciasus.org.br/shared-files/32876/?Edital-de-Processo-Seletivo-Simplificado-602026.pdf"
"DSEI Potiguara";"PB";"64/2026";"AGSUS.015381/2026-79";"5º";"1";"0";"1";"0";"Andamento";"Impugnação do Edital";"Baixo";"2026-06-16";"2026-07-29";"Núcleo";"Cargo de Sanitarista";"https://agenciasus.org.br/shared-files/32795/?SEI_0522786_Edital_de_Processo_Seletivo_Simplificado_64.pdf"
"CASAI Brasília";"DF";"39/2025";"AGSUS.005126/2025-37";"2º CICLO";"9";"15";"0";"6698";"Concluído";"Resultado final do Processo Seletivo";"Baixo";"2025-10-03";"2025-11-17";"Alane";"";"https://agenciasus.org.br/shared-files/18180/?Edital-no-392025-1-CASAI-Nacional-Brasilia.pdf"
"DSEI Alto Rio Negro";"AM";"92/2025";"AGSUS.008285/2025-93";"3º CICLO";"11";"31";"0";"1307";"Concluído";"Resultado final do Processo Seletivo";"Baixo";"2025-10-22";"2026-01-05";"Alane";"";"https://agenciasus.org.br/shared-files/19133/?Edital-DSEI-ALTO-RIO-NEGRO.pdf"
"DSEI Alto Rio Purus";"AC";"81/2025";"AGSUS.008087/2025-20";"3º CICLO";"0";"0";"0";"1389";"Cancelado";"Análise Curricular";"Baixo";"2025-10-27";"2026-04-20";"";"Entrevistas previstas para 23 a 27/03";"https://agenciasus.org.br/shared-files/20136/?Edital-no-81-1-Edital-de-Processo-Seletivo-Simplificado-DSEI-Alto-Rio-Purus.pdf"
"DSEI Alto Rio Solimões";"AM";"03/2025";"AGSUS.001189/2025-14";"1º CICLO";"37";"72";"0";"3585";"Concluído";"Resultado final do Processo Seletivo";"Baixo";"2025-02-20";"2025-06-16";"";"";"https://agenciasus.org.br/wp-content/uploads/2025/02/Edital_n_03-2025-DSEI_Alto_Rio_Solimoes.pdf"
"DSEI Bahia";"BA";"95/2025";"AGSUS.008338/2025-76";"3º CICLO";"10";"10";"0";"911";"Concluído";"Resultado final do Processo Seletivo";"Baixo";"2025-11-10";"2026-02-09";"";"";"https://agenciasus.org.br/shared-files/20124/?Edital-no-95-1-Edital-de-Processo-Seletivo-Simplificado-DSEI-Bahia.pdf"
"DSEI Ceará";"CE";"72/2025";"AGSUS.007242/2025-91";"3º CICLO";"15";"18";"0";"1109";"Concluído";"Resultado final do Processo Seletivo";"Baixo";"2025-10-10";"2025-12-01";"Sara";"";"https://agenciasus.org.br/shared-files/18611/?EDITAL-PROCESSO-SELETIVO-SIMPLIFICADO-DSEI-CEARA.pdf"
"DSEI Cuiabá";"MT";"03/2025";"AGSUS.001168/2025-07";"1º CICLO";"37";"72";"0";"3585";"Concluído";"Resultado final do Processo Seletivo";"Baixo";"2025-02-20";"2025-06-16";"";"";"https://agenciasus.org.br/wp-content/uploads/2025/02/Edital_n_05-2025-DSEICuiaba.pdf"
"DSEI Interior Sul";"SC";"83/2025";"AGSUS.008089/2025-19";"3º CICLO";"0";"0";"0";"4272";"Cancelado";"Resultado Preliminar";"Baixo";"2025-11-10";"2026-01-12";"";"Após reunião extraordinária realizada pelo CONDISI em 13/02/2026, com a participação da UGP e da Assessoria Jurídica da AGSUS, foi deliberada a continuidade do Processo Seletivo, com o seu prosseguimento a partir da etapa em que se encontrava suspenso, qual seja, a publicação do resultado final da análise curricular. Reunião agendada para 06/03, devido a indefinição da Comissão a respeito da modalidade de realização das entrevistas.";"https://agenciasus.org.br/shared-files/20133/?Edital-no-83-1-Edital-de-Processo-Seletivo-Simplificado-DSEI-Interior-Sul.pdf"
"DSEI Kaiapó do Pará";"PA";"06/2025";"AGSUS.001434/2025-93";"1º CICLO";"32";"56";"0";"1805";"Concluído";"Resultado final do Processo Seletivo";"Baixo";"2025-02-20";"2025-06-16";"";"";"https://agenciasus.org.br/wp-content/uploads/2025/02/Edital_n_06-2025-DSEI_Kaiapo_do_Para.pdf"
"DSEI Manaus";"AM";"70/2025";"AGSUS.007205/2025-82";"3º CICLO";"0";"18";"0";"4532";"Concluído";"Resultado final do Processo Seletivo";"Baixo";"2025-10-10";"2025-11-21";"Fabiana";"";"https://agenciasus.org.br/shared-files/18604/?EDITAL-PROCESSO-SELETIVO-SIMPLIFICADO-DSEI-MANAUS.pdf"
"DSEI Mato Grosso do Sul";"MS";"65/2025";"AGSUS.004131/2025-22";"1º CICLO";"20";"32";"0";"1833";"Concluído";"Resultado final do Processo Seletivo";"Baixo";"2025-10-03";"2025-11-17";"Rosangela";"";"https://agenciasus.org.br/shared-files/18167/?Edital-no-65-Processo-Seletivo-Simplificado-DSEI-Mato-Grosso-do-Sul.pdf"
"DSEI Médio Rio Purus";"AM";"06/2026";"";"3º CICLO";"0";"0";"0";"1316";"Concluído";"Resultado final do Processo Seletivo";"Baixo";"2026-03-09";"2026-06-05";"";"Vagas para Cadastro Reserva - CR";"https://agenciasus.org.br/shared-files/25540/?Edital-de-Processo-Seletivo-Simplificado-No-062026-%E2%80%93-DSEI-Medio-Rio-Purus.pdf"
"DSEI Parintins";"AM";"22/2026";"";"3º CICLO";"6";"10";"0";"2629";"Concluído";"Resultado final do Processo Seletivo";"Baixo";"2026-03-23";"2026-06-08";"";"";"https://agenciasus.org.br/shared-files/26345/?Edital-No-22_2026-DSEI-Parintins.pdf"
"DSEI Pernambuco";"PE";"73/2025";"AGSUS.007395/2025-38";"3º CICLO";"0";"0";"0";"739";"Cancelado";"Entrevistas";"Baixo";"2025-10-10";"2025-11-21";"Rosangela";"O cancelamento do processo seletivo foi solicitado por meio de ofício encaminhado pelo CONDISI.O processo encontra-se atualmente na Unidade Jurídica da AgSUS, aguardando parecer quanto ao pedido de cancelamento, para posterior devolutiva ao DSEI.Foi realizada reunião com o DSEI Pernambuco em 23/02/2026, ocasião em que ficou encaminhado que a Coordenadora realizará consulta quanto à disponibilidade do CONDISI para agendamento de reunião específica destinada a tratar do Processo Seletivo.Conforme última reunião de alinhamento conduzida pela USI, ficou definido o cancelamento do edital para abertura imediata de um novo processo seletivo. Núcleo está em diálogo junto a Comissão para alinhamento do novo edital.";"https://agenciasus.org.br/shared-files/18576/?EDITAL-PROCESSO-SELETIVO-SIMPLIFICADO-DSEI-PERNAMBUCO.pdf"
"DSEI Porto Velho";"RO";"18/2026";"AGSUS.003941/2026-42";"3º CICLO";"0";"0";"0";"0";"Concluído";"Resultado final do Processo Seletivo";"Baixo";"2026-03-02";"2026-05-04";"Núcleo";"Processo Seletivo para o Distrito Sanitário Especial Indígena Porto Velho (DSEI - Porto Velho) foi temporariamente interrompido devido a mudanças na gestão local.";"https://agenciasus.org.br/shared-files/24919/?SEI_0292313_Edital_de_Processo_Seletivo_Simplificado_18.pdf"
"DSEI Potiguara";"PB";"74/2025";"AGSUS.007414/2025-26";"3º CICLO";"16";"21";"0";"1404";"Concluído";"Resultado final do Processo Seletivo";"Baixo";"2025-10-10";"2026-01-28";"Wenddel";"";"https://agenciasus.org.br/shared-files/18598/?EDITAL-PROCESSO-SELETIVO-SIMPLIFICADO-DSEI-POTIGUARA.pdf"
"DSEI Tocantins";"TO";"94/2025";"AGSUS.008334/2025-98";"3º CICLO";"27";"40";"0";"2690";"Concluído";"Resultado final do Processo Seletivo";"Baixo";"2025-10-27";"2025-12-08";"Ingredy";"";"https://agenciasus.org.br/shared-files/19289/?SEI_0142394_Edital_Processo-Seletivo_DSEI-Tocantins.pdf"
"DSEI Vale do Javari";"AM";"09/2025";"AGSUS.001187/2025-25";"1º CICLO";"2";"28";"0";"863";"Concluído";"Resultado final do Processo Seletivo";"Baixo";"2025-02-20";"2025-06-16";"";"CR - Cadastro Reserva";"https://agenciasus.org.br/wp-content/uploads/2025/02/Edital_n_09-2025-DSEI_Vale_do_Javari.pdf"
"DSEI Vilhena";"RO";"14/2026";"";"3º CICLO";"0";"9";"0";"2085";"Concluído";"Resultado final do Processo Seletivo";"Baixo";"2026-03-02";"2026-05-13";"Núcleo";"Edital publicado em 02/03 - todas as vagas como CR";"https://agenciasus.org.br/shared-files/24928/?SEI_0291393_Edital_de_Processo_Seletivo_Simplificado_14-1-1.pdf"
"DSEI Xavante";"MT";"15/2025";"AGSUS.001583/2025-52";"1º CICLO";"21";"22";"0";"908";"Concluído";"Resultado final do Processo Seletivo";"Baixo";"2025-06-09";"2025-08-20";"";"";"https://agenciasus.org.br/wp-content/uploads/2025/06/SEI_0021160_Edital_de_Processo_Seletivo_Simplificado_15-Xavante.pdf"
"DSEI Xavante";"MT";"68/2025";"AGSUS.005227/2025-16";"1º CICLO";"8";"8";"0";"394";"Concluído";"Resultado final do Processo Seletivo";"Baixo";"2025-10-03";"2025-11-17";"Wenddel";"";"https://agenciasus.org.br/shared-files/18175/?Edital-no-68-Processo-Seletivo-Simplificado-DSEI-Xavante.pdf"
"DSEI Xingu";"MT";"89/2025";"AGSUS.008008/2025-81";"3º CICLO";"11";"12";"0";"466";"Concluído";"Resultado final do Processo Seletivo";"Baixo";"2025-10-30";"2026-01-05";"Wenddel";"";"https://agenciasus.org.br/shared-files/19544/?Edital-do-Processo-Seletivo-Simplificado-no-89-2025-%E2%80%93-DSEI-Xingu-1.pdf"